{"cameraMode":{"drawMode":0,"name":"Shaded","section":"Shading Mode"},"sceneLighting":false,"audioPlay":false,"sceneViewState":{"showFog":false,"showMaterialUpdate":false,"showSkybox":false,"showFlares":false,"showImageEffects":false,"showParticleSystems":true},"in2DMode":false,"pivot":{"x":-0.1083211898803711,"y":1.0862760543823243,"z":1.1111741065979005},"rotation":{"x":0.07835811376571655,"y":0.8877856135368347,"z":-0.164602592587471,"w":0.422614187002182},"size":4.125659942626953,"orthographic":false}