{"cameraMode":{"drawMode":0,"name":"Shaded","section":"Shading Mode"},"sceneLighting":false,"audioPlay":false,"sceneViewState":{"showFog":false,"showMaterialUpdate":false,"showSkybox":false,"showFlares":false,"showImageEffects":false,"showParticleSystems":true},"in2DMode":false,"pivot":{"x":-1.672913908958435,"y":0.22082388401031495,"z":1.503416895866394},"rotation":{"x":-0.012808410450816155,"y":0.9471005201339722,"z":-0.31840959191322329,"w":-0.038104571402072909},"size":1.7923589944839478,"orthographic":false}