{"cameraMode":{"drawMode":0,"name":"Shaded","section":"Shading Mode"},"sceneLighting":false,"audioPlay":false,"sceneViewState":{"showFog":false,"showMaterialUpdate":false,"showSkybox":false,"showFlares":false,"showImageEffects":false,"showParticleSystems":true},"in2DMode":false,"pivot":{"x":-0.49500012397766116,"y":0.024299994111061097,"z":0.0005999952554702759},"rotation":{"x":-0.2569616734981537,"y":0.6456965804100037,"z":-0.2454998791217804,"w":-0.6758524775505066},"size":1.7923589944839478,"orthographic":false}