{"cameraMode":{"drawMode":0,"name":"Shaded","section":"Shading Mode"},"sceneLighting":false,"audioPlay":false,"sceneViewState":{"showFog":false,"showMaterialUpdate":false,"showSkybox":false,"showFlares":false,"showImageEffects":false,"showParticleSystems":true},"in2DMode":false,"pivot":{"x":-0.49500012397766116,"y":0.08099997043609619,"z":0.001999974250793457},"rotation":{"x":-0.020212538540363313,"y":0.963786780834198,"z":-0.25466388463974,"w":-0.07650414109230042},"size":2.1510934829711916,"orthographic":false}