{"cameraMode":{"drawMode":0,"name":"Shaded","section":"Shading Mode"},"sceneLighting":true,"audioPlay":false,"sceneViewState":{"showFog":false,"showMaterialUpdate":false,"showSkybox":false,"showFlares":false,"showImageEffects":false,"showParticleSystems":true},"in2DMode":false,"pivot":{"x":-28.507919311523439,"y":-4.779443264007568,"z":-14.926729202270508},"rotation":{"x":-0.19664350152015687,"y":-0.08549707382917404,"z":0.017211485654115678,"w":-0.9765886664390564},"size":51.137454986572269,"orthographic":false}