{"cameraMode":{"drawMode":0,"name":"Shaded","section":"Shading Mode"},"sceneLighting":false,"audioPlay":false,"sceneViewState":{"showFog":false,"showMaterialUpdate":false,"showSkybox":false,"showFlares":false,"showImageEffects":false,"showParticleSystems":true},"in2DMode":false,"pivot":{"x":-0.05584216117858887,"y":0.465564489364624,"z":-0.45176172256469729},"rotation":{"x":-0.24698476493358613,"y":0.31469401717185976,"z":-0.08517622947692871,"w":-0.9125301241874695},"size":4.125659942626953,"orthographic":false}