{"cameraMode":{"drawMode":0,"name":"Shaded","section":"Shading Mode"},"sceneLighting":false,"audioPlay":false,"sceneViewState":{"showFog":false,"showMaterialUpdate":false,"showSkybox":false,"showFlares":false,"showImageEffects":false,"showParticleSystems":true},"in2DMode":false,"pivot":{"x":-0.711902379989624,"y":0.08099997043609619,"z":-0.034000054001808169},"rotation":{"x":-0.15087762475013734,"y":-0.6603552103042603,"z":0.1378767043352127,"w":-0.7226042747497559},"size":2.403956174850464,"orthographic":false}