{"cameraMode":{"drawMode":0,"name":"Shaded","section":"Shading Mode"},"sceneLighting":false,"audioPlay":false,"sceneViewState":{"showFog":false,"showMaterialUpdate":false,"showSkybox":false,"showFlares":false,"showImageEffects":false,"showParticleSystems":true},"in2DMode":false,"pivot":{"x":1.4195780754089356,"y":0.7678800821304321,"z":1.0379422903060914},"rotation":{"x":-0.20385940372943879,"y":0.694888174533844,"z":-0.21633917093276978,"w":-0.6548047065734863},"size":0.5573650598526001,"orthographic":false}