{"cameraMode":{"drawMode":0,"name":"Shaded","section":"Shading Mode"},"sceneLighting":false,"audioPlay":false,"sceneViewState":{"showFog":true,"showMaterialUpdate":false,"showSkybox":false,"showFlares":true,"showImageEffects":true,"showParticleSystems":true},"in2DMode":false,"pivot":{"x":-26.920000076293947,"y":0.98816978931427,"z":31.200000762939454},"rotation":{"x":-0.023518281057476999,"y":-0.964187502861023,"z":0.09231863915920258,"w":-0.2479458749294281},"size":4.736390113830566,"orthographic":false}